{"name":"7470e914-abc8-4617-b1e4-318c98fc3ef4","id":"/providers/Microsoft.Flow/flows/7470e914-abc8-4617-b1e4-318c98fc3ef4","type":"Microsoft.Flow/flows","properties":{"apiId":"/providers/Microsoft.PowerApps/apis/shared_logicflows","displayName":"Create Outlook Reminder","definition":{"metadata":{"workflowEntityId":null,"processAdvisorMetadata":null,"flowclientsuspensionreason":"None","flowclientsuspensiontime":null,"flowclientsuspensionreasondetails":null,"creator":{"id":"ceb76271-8b08-4db6-bba6-c3e1d51758d6","type":"User","tenantId":"26e17cb8-a61a-44ca-b283-14419424ebcf"},"provisioningMethod":"FromDefinition","failureAlertSubscription":true,"clientLastModifiedTime":"2023-03-01T23:16:44.6461049Z"},"$schema":"https://schema.management.azure.com/providers/Microsoft.Logic/schemas/2016-06-01/workflowdefinition.json#","contentVersion":"1.0.0.0","parameters":{"$connections":{"defaultValue":{},"type":"Object"},"$authentication":{"defaultValue":{},"type":"SecureObject"}},"triggers":{"manual":{"metadata":{"operationMetadataId":"7780c578-b437-4810-b67f-c5a0e8e0586c","flowSystemMetadata":{"swaggerOperationId":"ForASelectedMessageV2","taskModuleWidth":null,"taskModuleHeight":null,"inputsAdaptiveCard":"{\"$schema\":\"http://adaptivecards.io/schemas/adaptive-card.json\",\"type\":\"AdaptiveCard\",\"version\":\"1.3\",\"body\":[{\"type\":\"TextBlock\",\"text\":\"Create a reminder for this message\",\"weight\":\"Bolder\",\"size\":\"Medium\",\"id\":\"textReminderTitle\"},{\"type\":\"TextBlock\",\"text\":\"Select a date and duration for your reminder.  You can also customize your status. Click the 'View Calendar' button to see your current schedule. \",\"isSubtle\":true,\"wrap\":true,\"id\":\"textReminderDesc\"},{\"type\":\"ActionSet\",\"actions\":[{\"type\":\"Action.OpenUrl\",\"title\":\"View Calendar\",\"id\":\"openCalendarButton\",\"url\":\"https://outlook.office.com/calendar/view/day\"}],\"id\":\"openCalendar\",\"horizontalAlignment\":\"Center\"},{\"type\":\"Input.Date\",\"id\":\"reminderDate\",\"errorMessage\":\"Please select a date\",\"isRequired\":true,\"label\":\"Date\"},{\"type\":\"Input.Time\",\"id\":\"reminderStartTimeSelection\",\"value\":\"8:00 AM\",\"isRequired\":true,\"label\":\"Start Time\",\"errorMessage\":\"Please select a time\"},{\"type\":\"Input.ChoiceSet\",\"choices\":[{\"title\":\"5 minutes\",\"value\":\"5\"},{\"title\":\"15 minutes\",\"value\":\"15\"},{\"title\":\"30 minutes\",\"value\":\"30\"},{\"title\":\"45 minutes\",\"value\":\"45\"},{\"title\":\"1 hour\",\"value\":\"60\"},{\"title\":\"1.5 hours\",\"value\":\"90\"},{\"title\":\"2 hours\",\"value\":\"120\"},{\"title\":\"3 hours\",\"value\":\"180\"},{\"title\":\"4 hours\",\"value\":\"240\"},{\"title\":\"5 hours\",\"value\":\"300\"},{\"title\":\"6 hours\",\"value\":\"360\"},{\"title\":\"7 hours\",\"value\":\"420\"},{\"title\":\"8 hours\",\"value\":\"480\"}],\"id\":\"reminderDurationSelection\",\"value\":\"30\",\"label\":\"Duration\"},{\"type\":\"Input.ChoiceSet\",\"choices\":[{\"title\":\"Free\",\"value\":\"free\"},{\"title\":\"Tentative\",\"value\":\"tentative\"},{\"title\":\"Busy\",\"value\":\"busy\"},{\"title\":\"Out of Office\",\"value\":\"oof\"},{\"title\":\"Working Elsewhere\",\"value\":\"workingElsewhere\"}],\"id\":\"reminderShowAsSelection\",\"placeholder\":\"busy\",\"value\":\"busy\",\"label\":\"Show As\"}],\"actions\":[{\"type\":\"Action.Submit\",\"title\":\"Submit\"}],\"-ms-tokens\":{}}"}},"type":"Request","kind":"ApiConnection","inputs":{"schema":{"type":"object","properties":{"teamsFlowRunContext":{"type":"object","properties":{"messagePayload":{"type":"object","properties":{"body":{"type":"object","properties":{"content":{"title":"Message Content","type":"string"},"plainText":{"title":"Plain Text Message Content","type":"string"}},"required":[]},"id":{"title":"Message ID","type":"string"},"from":{"type":"object","properties":{"user":{"type":"object","properties":{"displayName":{"title":"Sender User Display Name","type":"string"},"id":{"title":"Sender User ID","type":"string"}},"required":[]}},"required":[]},"subject":{"title":"Message Subject","type":"string"},"linkToMessage":{"title":"Link to message","type":"string"},"replyToId":{"title":"Reply to Message ID","type":"string"}},"required":[]},"channelData":{"type":"object","properties":{"invalidateInvokeCache":{"type":"object","properties":{"invokeName":{"title":"invokeName","type":"string"},"additionalProperties":{"type":"object","properties":{"context":{"title":"context","type":"string"}},"required":[]}},"required":[]},"team":{"type":"object","properties":{"aadGroupId":{"title":"Team ID","type":"string"}},"required":[]},"channel":{"type":"object","properties":{"id":{"title":"Channel ID","type":"string"}},"required":[]}},"required":[]},"from":{"type":"object","properties":{"name":{"title":"Originating User Display Name","type":"string"},"aadObjectId":{"title":"Originating User ID","type":"string"}},"required":[]},"conversation":{"type":"object","properties":{"id":{"title":"Conversation ID","type":"string"},"name":{"title":"Conversation Name","type":"string"}},"required":[]},"locale":{"title":"Locale","type":"string"},"localTimezone":{"title":"Local Time Zone","type":"string"}},"required":[]},"cardOutputs":{"type":"object","properties":{"reminderDate":{"title":"reminderDate","type":"string"},"reminderTime":{"title":"reminderTime","type":"string"},"durationSelection":{"title":"durationSelection","type":"string"},"showAsSelection":{"title":"showAsSelection","type":"string"},"reminderTimeStart":{"title":"reminderTimeStart","type":"string"},"reminderTimeEnd":{"title":"reminderTimeEnd","type":"string"},"reminderShowAsSelection":{"title":"reminderShowAsSelection","type":"string"},"reminderDurationSelection":{"title":"reminderDurationSelection","type":"string"},"reminderStartTimeSelection":{"title":"reminderStartTimeSelection","type":"string"}}}},"required":["teamsFlowRunContext","cardOutputs"]},"host":{"connection":{"name":"@parameters('$connections')['shared_teams_1']['connectionId']"},"api":{"runtimeUrl":"https://flow-apim-msmanaged-na-eastus2-01.azure-apim.net/apim/teams"}},"operationId":"ForASelectedMessageV2","parameters":{"inputsAdaptiveCard":"{\"$schema\":\"http://adaptivecards.io/schemas/adaptive-card.json\",\"type\":\"AdaptiveCard\",\"version\":\"1.3\",\"body\":[{\"type\":\"TextBlock\",\"text\":\"Create a reminder for this message\",\"weight\":\"Bolder\",\"size\":\"Medium\",\"id\":\"textReminderTitle\"},{\"type\":\"TextBlock\",\"text\":\"Select a date and duration for your reminder.  You can also customize your status. Click the 'View Calendar' button to see your current schedule. \",\"isSubtle\":true,\"wrap\":true,\"id\":\"textReminderDesc\"},{\"type\":\"ActionSet\",\"actions\":[{\"type\":\"Action.OpenUrl\",\"title\":\"View Calendar\",\"id\":\"openCalendarButton\",\"url\":\"https://outlook.office.com/calendar/view/day\"}],\"id\":\"openCalendar\",\"horizontalAlignment\":\"Center\"},{\"type\":\"Input.Date\",\"id\":\"reminderDate\",\"errorMessage\":\"Please select a date\",\"isRequired\":true,\"label\":\"Date\"},{\"type\":\"Input.Time\",\"id\":\"reminderStartTimeSelection\",\"value\":\"8:00 AM\",\"isRequired\":true,\"label\":\"Start Time\",\"errorMessage\":\"Please select a time\"},{\"type\":\"Input.ChoiceSet\",\"choices\":[{\"title\":\"5 minutes\",\"value\":\"5\"},{\"title\":\"15 minutes\",\"value\":\"15\"},{\"title\":\"30 minutes\",\"value\":\"30\"},{\"title\":\"45 minutes\",\"value\":\"45\"},{\"title\":\"1 hour\",\"value\":\"60\"},{\"title\":\"1.5 hours\",\"value\":\"90\"},{\"title\":\"2 hours\",\"value\":\"120\"},{\"title\":\"3 hours\",\"value\":\"180\"},{\"title\":\"4 hours\",\"value\":\"240\"},{\"title\":\"5 hours\",\"value\":\"300\"},{\"title\":\"6 hours\",\"value\":\"360\"},{\"title\":\"7 hours\",\"value\":\"420\"},{\"title\":\"8 hours\",\"value\":\"480\"}],\"id\":\"reminderDurationSelection\",\"value\":\"30\",\"label\":\"Duration\"},{\"type\":\"Input.ChoiceSet\",\"choices\":[{\"title\":\"Free\",\"value\":\"free\"},{\"title\":\"Tentative\",\"value\":\"tentative\"},{\"title\":\"Busy\",\"value\":\"busy\"},{\"title\":\"Out of Office\",\"value\":\"oof\"},{\"title\":\"Working Elsewhere\",\"value\":\"workingElsewhere\"}],\"id\":\"reminderShowAsSelection\",\"placeholder\":\"busy\",\"value\":\"busy\",\"label\":\"Show As\"}],\"actions\":[{\"type\":\"Action.Submit\",\"title\":\"Submit\"}],\"-ms-tokens\":{}}"}}}},"actions":{"Create_reminder":{"runAfter":{"Truncate_message_for_subject_if_over_25_chars":["Succeeded"]},"metadata":{"operationMetadataId":"651e437e-8132-4002-877d-3574bc922141"},"type":"OpenApiConnection","inputs":{"host":{"apiId":"/providers/Microsoft.PowerApps/apis/shared_office365","connectionName":"shared_office365","operationId":"V4CalendarPostItem"},"parameters":{"table":"Calendar","item/subject":"@{variables('reminderSubject')} (Teams Message Reminder)","item/start":"@variables('reminderStartTime')","item/end":"@variables('reminderEndTime')","item/timeZone":"@triggerBody()?['teamsFlowRunContext']?['localTimezone']","item/body":"<style>\ntable {\n  border: 1px solid black;\n  border-radius: 3px;\n  background-color: #F8F8F8;\n  padding: 5px;\n  max-width: 800px;\n}\n</style>\n<p>\n<b>Original Teams Message</b>\n<table>\n  <tr>\n    <td><b>@{triggerBody()?['teamsFlowRunContext']?['messagePayload']?['from']?['user']?['displayName']}</b> on @{body('Convert_message_timestamp')}</td>\n  </tr>\n  <tr>\n    <td>@{triggerBody()?['teamsFlowRunContext']?['messagePayload']?['body']?['content']}</td>\n  </tr>\n</table>\n<br>\n<b><a href=\"@{triggerBody()?['teamsFlowRunContext']?['messagePayload']?['linkToMessage']}\">View this message in Teams</a></b>\n</p>","item/reminderMinutesBeforeStart":5,"item/showAs":"@triggerBody()?['cardOutputs']?['reminderShowAsSelection']"},"authentication":{"value":"@json(decodeBase64(triggerOutputs().headers['X-MS-APIM-Tokens']))['$ConnectionKey']","type":"Raw"}}},"Get_message_details":{"runAfter":{"init_reminderSubject":["Succeeded"]},"metadata":{"operationMetadataId":"24ff62c7-5ebd-4e72-b149-f3624a35e1f1"},"type":"OpenApiConnection","inputs":{"host":{"apiId":"/providers/Microsoft.PowerApps/apis/shared_teams","connectionName":"shared_teams_1","operationId":"GetMessageDetails"},"parameters":{"messageId":"@triggerBody()?['teamsFlowRunContext']?['messagePayload']?['id']","threadType":"groupchat","body/recipient":"@triggerBody()?['teamsFlowRunContext']?['conversation']?['id']"},"authentication":{"value":"@json(decodeBase64(triggerOutputs().headers['X-MS-APIM-Tokens']))['$ConnectionKey']","type":"Raw"}}},"Convert_message_timestamp":{"runAfter":{"Get_message_details":["Succeeded"]},"metadata":{"operationMetadataId":"1848c3dd-c4e0-4d7c-b77b-7d959550e432"},"type":"Expression","kind":"ConvertTimeZone","inputs":{"baseTime":"@outputs('Get_message_details')?['body/createdDateTime']","formatString":"f","sourceTimeZone":"UTC","destinationTimeZone":"@triggerBody()?['teamsFlowRunContext']?['localTimezone']"}},"init_reminderEndTime":{"runAfter":{"init_reminderDuration":["Succeeded"]},"metadata":{"operationMetadataId":"d8d31045-5670-4911-b2a4-9e16f48b96e9"},"type":"InitializeVariable","inputs":{"variables":[{"name":"reminderEndTime","type":"string","value":"@{addToTime(variables('reminderStartTime'),int(variables('reminderDuration')),'Minute')}"}]}},"init_reminderDuration":{"runAfter":{"init_reminderStartTime":["Succeeded"]},"metadata":{"operationMetadataId":"22e7e49b-476e-46d8-9abf-0b11e7b6ffd3"},"type":"InitializeVariable","inputs":{"variables":[{"name":"reminderDuration","type":"string","value":"@triggerBody()?['cardOutputs']?['reminderDurationSelection']"}]}},"init_reminderStartTime":{"runAfter":{"init_messageBody":["Succeeded"]},"metadata":{"operationMetadataId":"4ee51d0a-d670-4f19-98ad-dbc7cf547529"},"type":"InitializeVariable","inputs":{"variables":[{"name":"reminderStartTime","type":"string","value":"@{triggerBody()?['cardOutputs']?['reminderDate']}T@{triggerBody()?['cardOutputs']?['reminderStartTimeSelection']}"}]}},"Truncate_message_for_subject_if_over_25_chars":{"actions":{"Set_reminderSubject_short":{"runAfter":{},"metadata":{"operationMetadataId":"44034f35-544a-4bfa-84c5-3435eb05e590"},"type":"SetVariable","inputs":{"name":"reminderSubject","value":"@{substring(triggerBody()?['teamsFlowRunContext']?['messagePayload']?['body']?['plainText'],0,25)}..."}}},"runAfter":{"Convert_message_timestamp":["Succeeded"]},"else":{"actions":{"Set_reminderSubject":{"runAfter":{},"metadata":{"operationMetadataId":"94823186-a77c-4f31-b46c-e493fd830bd7"},"type":"SetVariable","inputs":{"name":"reminderSubject","value":"@variables('messageBody')"}}}},"expression":{"greater":["@length(variables('messageBody'))",25]},"metadata":{"operationMetadataId":"51b52c8f-a36d-4ca9-81c2-46aa6f6c7097"},"type":"If"},"init_messageBody":{"runAfter":{},"metadata":{"operationMetadataId":"2f9305fb-7830-434a-899f-bbc6cc7e6e3d"},"type":"InitializeVariable","inputs":{"variables":[{"name":"messageBody","type":"string","value":"@triggerBody()?['teamsFlowRunContext']?['messagePayload']?['body']?['plainText']"}]}},"init_reminderSubject":{"runAfter":{"init_reminderEndTime":["Succeeded"]},"metadata":{"operationMetadataId":"5484c707-6f2f-40cd-9cff-2eebddf6e2b0"},"type":"InitializeVariable","inputs":{"variables":[{"name":"reminderSubject","type":"string"}]}}},"outputs":{}},"connectionReferences":{"shared_teams_1":{"connectionName":"shared-teams-4d400375-848c-4fe7-ab10-be5fbbf35158","source":"Invoker","id":"/providers/Microsoft.PowerApps/apis/shared_teams","tier":"NotSpecified"},"shared_office365":{"connectionName":"shared-office365-46e25243-2a8c-4408-9bf2-6f65-8db5a0ab","source":"Invoker","id":"/providers/Microsoft.PowerApps/apis/shared_office365","tier":"NotSpecified"}},"flowFailureAlertSubscribed":false,"isManaged":false}}